<?xml version="1.0" encoding="UTF-8"?>
<GenRun Id="RAM_synth_1" LaunchPart="xc7vx485tffg1157-1" LaunchTime="1593235947">
  <File Type="PA-TCL" Name="RAM.tcl"/>
  <File Type="RDS-PROPCONSTRS" Name="RAM_drc_synth.rpt"/>
  <File Type="REPORTS-TCL" Name="RAM_reports.tcl"/>
  <File Type="RDS-RDS" Name="RAM.vds"/>
  <File Type="RDS-UTIL" Name="RAM_utilization_synth.rpt"/>
  <File Type="RDS-UTIL-PB" Name="RAM_utilization_synth.pb"/>
  <File Type="RDS-DCP" Name="RAM.dcp"/>
  <File Type="VDS-TIMINGSUMMARY" Name="RAM_timing_summary_synth.rpt"/>
  <File Type="VDS-TIMING-PB" Name="RAM_timing_summary_synth.pb"/>
  <FileSet Name="sources" Type="BlockSrcs" RelSrcDir="$PSRCDIR/RAM">
    <File Path="$PSRCDIR/sources_1/ip/RAM_1/RAM.xci">
      <FileInfo>
        <Attr Name="UsedIn" Val="synthesis"/>
        <Attr Name="UsedIn" Val="implementation"/>
        <Attr Name="UsedIn" Val="simulation"/>
      </FileInfo>
    </File>
    <Config>
      <Option Name="TopModule" Val="RAM"/>
      <Option Name="UseBlackboxStub" Val="1"/>
    </Config>
  </FileSet>
  <FileSet Name="constrs_in" Type="BlockSrcs" RelSrcDir="$PSRCDIR/RAM">
    <File Path="$PSRCDIR/sources_1/ip/RAM_1/RAM.xci">
      <FileInfo>
        <Attr Name="UsedIn" Val="synthesis"/>
        <Attr Name="UsedIn" Val="implementation"/>
        <Attr Name="UsedIn" Val="simulation"/>
      </FileInfo>
    </File>
    <Config>
      <Option Name="TopModule" Val="RAM"/>
      <Option Name="UseBlackboxStub" Val="1"/>
    </Config>
  </FileSet>
  <Strategy Version="1" Minor="2">
    <StratHandle Name="Vivado Synthesis Defaults" Flow="Vivado Synthesis 2017">
      <Desc>Vivado Synthesis Defaults</Desc>
    </StratHandle>
    <Step Id="synth_design"/>
  </Strategy>
</GenRun>
