<?xml version="1.0" encoding="UTF-8"?>
<GenRun Id="ROM_synth_1" LaunchPart="xc7vx485tffg1157-1" LaunchTime="1593235986">
  <File Type="PA-TCL" Name="ROM.tcl"/>
  <File Type="RDS-PROPCONSTRS" Name="ROM_drc_synth.rpt"/>
  <File Type="REPORTS-TCL" Name="ROM_reports.tcl"/>
  <File Type="RDS-RDS" Name="ROM.vds"/>
  <File Type="RDS-UTIL" Name="ROM_utilization_synth.rpt"/>
  <File Type="RDS-UTIL-PB" Name="ROM_utilization_synth.pb"/>
  <File Type="RDS-DCP" Name="ROM.dcp"/>
  <File Type="VDS-TIMINGSUMMARY" Name="ROM_timing_summary_synth.rpt"/>
  <File Type="VDS-TIMING-PB" Name="ROM_timing_summary_synth.pb"/>
  <FileSet Name="sources" Type="BlockSrcs" RelSrcDir="$PSRCDIR/ROM">
    <File Path="$PSRCDIR/sources_1/ip/ROM_1/ROM.xci">
      <FileInfo>
        <Attr Name="UsedIn" Val="synthesis"/>
        <Attr Name="UsedIn" Val="implementation"/>
        <Attr Name="UsedIn" Val="simulation"/>
      </FileInfo>
    </File>
    <Config>
      <Option Name="TopModule" Val="ROM"/>
      <Option Name="UseBlackboxStub" Val="1"/>
    </Config>
  </FileSet>
  <FileSet Name="constrs_in" Type="BlockSrcs" RelSrcDir="$PSRCDIR/ROM">
    <File Path="$PSRCDIR/sources_1/ip/ROM_1/ROM.xci">
      <FileInfo>
        <Attr Name="UsedIn" Val="synthesis"/>
        <Attr Name="UsedIn" Val="implementation"/>
        <Attr Name="UsedIn" Val="simulation"/>
      </FileInfo>
    </File>
    <Config>
      <Option Name="TopModule" Val="ROM"/>
      <Option Name="UseBlackboxStub" Val="1"/>
    </Config>
  </FileSet>
  <Strategy Version="1" Minor="2">
    <StratHandle Name="Vivado Synthesis Defaults" Flow="Vivado Synthesis 2017">
      <Desc>Vivado Synthesis Defaults</Desc>
    </StratHandle>
    <Step Id="synth_design"/>
  </Strategy>
</GenRun>
